{"cameraMode":{"drawMode":0,"name":"Shaded","section":"Shading Mode"},"sceneLighting":false,"audioPlay":false,"sceneViewState":{"m_AlwaysRefresh":false,"showFog":true,"showSkybox":false,"showFlares":true,"showImageEffects":true,"showParticleSystems":true,"showVisualEffectGraphs":true,"m_FxEnabled":true},"in2DMode":false,"pivot":{"x":0.000005961279384791851,"y":-7.683411240577698e-9,"z":-0.004058560356497765},"rotation":{"x":0.09505866467952728,"y":-0.6822648048400879,"z":0.09016735851764679,"w":0.7192712426185608},"size":0.023546934127807618,"orthographic":false}