{"cameraMode":{"drawMode":0,"name":"Shaded","section":"Shading Mode"},"sceneLighting":false,"audioPlay":false,"sceneViewState":{"m_AlwaysRefresh":false,"showFog":true,"showSkybox":false,"showFlares":true,"showImageEffects":true,"showParticleSystems":true,"showVisualEffectGraphs":true,"m_FxEnabled":true},"in2DMode":false,"pivot":{"x":-0.28861474990844729,"y":0.568885087966919,"z":0.2878648638725281},"rotation":{"x":0.27130401134490969,"y":-0.4272669553756714,"z":0.13611097633838654,"w":0.8516525626182556},"size":0.9298283457756043,"orthographic":false}