{"cameraMode":{"drawMode":0,"name":"Shaded","section":"Shading Mode"},"sceneLighting":false,"audioPlay":false,"sceneViewState":{"m_AlwaysRefresh":false,"showFog":true,"showSkybox":false,"showFlares":true,"showImageEffects":true,"showParticleSystems":true,"showVisualEffectGraphs":true,"m_FxEnabled":true},"in2DMode":false,"pivot":{"x":0.04836761951446533,"y":-0.15796852111816407,"z":0.0025738179683685304},"rotation":{"x":0.27130401134490969,"y":-0.4272669553756714,"z":0.13611097633838654,"w":0.8516525626182556},"size":4.386599540710449,"orthographic":false}