{"cameraMode":{"drawMode":0,"name":"Shaded","section":"Shading Mode"},"sceneLighting":false,"audioPlay":false,"sceneViewState":{"m_AlwaysRefresh":false,"showFog":true,"showSkybox":false,"showFlares":true,"showImageEffects":true,"showParticleSystems":true,"showVisualEffectGraphs":true,"m_FxEnabled":true},"in2DMode":false,"pivot":{"x":2.3283064365386965e-10,"y":-7.450580596923828e-9,"z":0.004058560356497765},"rotation":{"x":0.2048780471086502,"y":-0.6990644335746765,"z":0.22085051238536836,"w":0.6485069990158081},"size":0.023546218872070314,"orthographic":false}