{"cameraMode":{"drawMode":0,"name":"Shaded","section":"Shading Mode"},"sceneLighting":false,"audioPlay":false,"sceneViewState":{"m_AlwaysRefresh":false,"showFog":true,"showSkybox":false,"showFlares":true,"showImageEffects":true,"showParticleSystems":true,"showVisualEffectGraphs":true,"m_FxEnabled":true},"in2DMode":false,"pivot":{"x":0.0052977800369262699,"y":-0.008646130561828614,"z":0.41365301609039309},"rotation":{"x":0.27130401134490969,"y":-0.4272669553756714,"z":0.13611097633838654,"w":0.8516525626182556},"size":2.4951484203338625,"orthographic":false}