{"cameraMode":{"drawMode":0,"name":"Shaded","section":"Shading Mode"},"sceneLighting":true,"audioPlay":false,"sceneViewState":{"m_AlwaysRefresh":false,"showFog":true,"showSkybox":false,"showFlares":true,"showImageEffects":true,"showParticleSystems":true,"showVisualEffectGraphs":true,"m_FxEnabled":true},"in2DMode":false,"pivot":{"x":-0.03668452799320221,"y":0.016184117645025255,"z":1.099404215812683},"rotation":{"x":0.10088657587766648,"y":-0.5501121878623962,"z":0.06716947257518769,"w":0.8262495994567871},"size":0.042166534811258319,"orthographic":true}